{"b4w_format_version": "6.02", "b4w_filepath_blend": "../../../../blender/code_snippets/vr/vr.blend", "actions": [], "images": [], "textures": [], "materials": [], "meshes": [{"name": "Cube.001", "uuid": "74cb04b008730e9a886ac502d95204d6", "materials": [], "b4w_vertex_anim": [], "vertex_groups": [], "uv_textures": [], "active_vcol_name": null, "submeshes": [{"boundings": {"bb": {"max_x": 1, "max_y": 1, "max_z": 1, "min_x": -1, "min_y": -1.00002, "min_z": -1}, "be_ax": [1.86174, 1.53967, 1.87773], "be_cen": [0, 0, 0], "rbb": {"rbb_c": [0.0, 0.0, 0.0], "rbb_s": [1.22480309009552, 1.0129187107086182, 1.2353203296661377]}, "caxis_x": [0.9659111499786377, -1.8179649487137794e-05, 0.25887376070022583], "caxis_y": [-0.002727561630308628, 0.9999437928199768, 0.010247314348816872], "caxis_z": [-0.25885939598083496, -0.010604090057313442, 0.9658567905426025]}, "base_length": 878, "indices": [0, 1047], "position": [0, 2634], "texcoord": [0, 0], "shade_tangs": [0, 0], "normal": [0, 2634], "tangent": [0, 0], "group": [0, 0], "color": [0, 0], "vertex_colors": [], "uv_layers": []}], "b4w_shape_keys": [], "b4w_boundings": {"bb": {"max_x": 1, "max_y": 1, "max_z": 1, "min_x": -1, "min_y": -1.00002, "min_z": -1}, "be_ax": [1.86174, 1.53967, 1.87773], "be_cen": [0, 0, 0], "bs_rad": 1.90558, "bc_rad": 1.48924, "bs_cen": [-0.19194, 0.04585, -0.05675], "bc_cen": [-0.08451, -0.02062, 0], "bb_src": {"max_x": 1, "max_y": 1, "max_z": 1, "min_x": -1, "min_y": -1.00002, "min_z": -1}, "rbb": {"rbb_c": [0.0, 0.0, 0.0], "rbb_s": [1.22480309009552, 1.0129187107086182, 1.2353203296661377]}, "caxis_x": [0.9659111499786377, -1.8179649487137794e-05, 0.25887376070022583], "caxis_y": [-0.002727561630308628, 0.9999437928199768, 0.010247314348816872], "caxis_z": [-0.25885939598083496, -0.010604090057313442, 0.9658567905426025]}, "is_boundings_overridden": false}, {"name": "Cube", "uuid": "e42702c869da6e655b4ec67f745cbdec", "materials": [], "b4w_vertex_anim": [], "vertex_groups": [], "uv_textures": [], "active_vcol_name": null, "submeshes": [{"boundings": {"bb": {"max_x": 1, "max_y": 1, "max_z": 1, "min_x": -1, "min_y": -1.00002, "min_z": -1}, "be_ax": [1.86174, 1.53967, 1.87773], "be_cen": [0, 0, 0], "rbb": {"rbb_c": [0.0, 0.0, 0.0], "rbb_s": [1.22480309009552, 1.0129187107086182, 1.2353203296661377]}, "caxis_x": [0.9659111499786377, -1.8179649487137794e-05, 0.25887376070022583], "caxis_y": [-0.002727561630308628, 0.9999437928199768, 0.010247314348816872], "caxis_z": [-0.25885939598083496, -0.010604090057313442, 0.9658567905426025]}, "base_length": 878, "indices": [1047, 1047], "position": [2634, 2634], "texcoord": [0, 0], "shade_tangs": [0, 0], "normal": [2634, 2634], "tangent": [0, 0], "group": [0, 0], "color": [0, 0], "vertex_colors": [], "uv_layers": []}], "b4w_shape_keys": [], "b4w_boundings": {"bb": {"max_x": 1, "max_y": 1, "max_z": 1, "min_x": -1, "min_y": -1.00002, "min_z": -1}, "be_ax": [1.86174, 1.53967, 1.87773], "be_cen": [0, 0, 0], "bs_rad": 1.90558, "bc_rad": 1.48924, "bs_cen": [-0.19194, 0.04585, -0.05675], "bc_cen": [-0.08451, -0.02062, 0], "bb_src": {"max_x": 1, "max_y": 1, "max_z": 1, "min_x": -1, "min_y": -1.00002, "min_z": -1}, "rbb": {"rbb_c": [0.0, 0.0, 0.0], "rbb_s": [1.22480309009552, 1.0129187107086182, 1.2353203296661377]}, "caxis_x": [0.9659111499786377, -1.8179649487137794e-05, 0.25887376070022583], "caxis_y": [-0.002727561630308628, 0.9999437928199768, 0.010247314348816872], "caxis_z": [-0.25885939598083496, -0.010604090057313442, 0.9658567905426025]}, "is_boundings_overridden": false}], "armatures": [], "cameras": [{"name": "Camera", "uuid": "05aaaed1ca4666510e1c5c434e6ac3fd", "type": "PERSP", "angle": 0.50338, "angle_y": 0.50338, "sensor_fit": "VERTICAL", "ortho_scale": 7.314, "clip_start": 0.1, "clip_end": 100, "dof_distance": 0, "b4w_dof_front_start": 1, "b4w_dof_front_end": 5, "b4w_dof_rear_start": 1, "b4w_dof_rear_end": 5, "b4w_dof_power": 2, "b4w_dof_bokeh": false, "b4w_dof_bokeh_intensity": 0.3, "b4w_dof_foreground_blur": false, "b4w_move_style": "TARGET", "b4w_hover_zero_level": 0.0, "b4w_trans_velocity": 1, "b4w_rot_velocity": 1, "b4w_zoom_velocity": 0.1, "b4w_use_target_distance_limits": false, "b4w_distance_min": 1, "b4w_distance_max": 10, "b4w_use_horizontal_clamping": false, "b4w_rotation_left_limit": -0.7853981852531433, "b4w_rotation_right_limit": 0.7853981852531433, "b4w_horizontal_clamping_type": "LOCAL", "b4w_use_vertical_clamping": false, "b4w_rotation_down_limit": -0.7853981852531433, "b4w_rotation_up_limit": 0.7853981852531433, "b4w_vertical_clamping_type": "LOCAL", "b4w_horizontal_translation_min": -10, "b4w_horizontal_translation_max": 10, "b4w_vertical_translation_min": -10, "b4w_vertical_translation_max": 10, "b4w_use_zooming": false, "b4w_hover_angle_min": 0.0, "b4w_hover_angle_max": 1.5707963705062866, "b4w_enable_hover_hor_rotation": true, "b4w_use_panning": true, "b4w_use_pivot_limits": false, "b4w_pivot_z_min": 0.0, "b4w_pivot_z_max": 10.0, "b4w_target": [0, 0, 0], "dof_object": null}], "curves": [], "lamps": [{"animation_data": null, "name": "Sun", "uuid": "48357a93b2ddeeb425bc52fba985224e", "type": "SUN", "energy": 0.8, "distance": 25, "use_diffuse": true, "use_specular": true, "falloff_type": null, "clip_start": 0.1, "clip_end": 30.0, "spot_size": null, "spot_blend": null, "b4w_generate_shadows": false, "b4w_dynamic_intensity": false, "color": [1, 1, 1]}], "sounds": [], "speakers": [], "particles": [], "objects": [{"name": "Cube.001", "uuid": "0f62743df37639d7fec1aa3fb4460b18", "type": "MESH", "body_text": null, "data": {"uuid": "74cb04b008730e9a886ac502d95204d6"}, "proxy": null, "dupli_group": null, "parent": null, "b4w_viewport_alignment": null, "pinverse_tsr": null, "parent_type": "OBJECT", "parent_bone": "", "b4w_cluster_data": {"cluster_id": -1, "cluster_center": null, "cluster_radius": 0}, "modifiers": [], "constraints": [], "particle_systems": [], "animation_data": null, "b4w_do_not_batch": false, "b4w_dynamic_geometry": false, "b4w_do_not_cull": false, "b4w_disable_fogging": false, "b4w_do_not_render": false, "b4w_hidden_on_load": false, "b4w_shadow_cast": false, "b4w_shadow_receive": false, "b4w_reflexible": false, "b4w_reflexible_only": false, "b4w_reflective": false, "b4w_reflection_type": "PLANE", "b4w_caustics": false, "b4w_wind_bending": false, "b4w_wind_bending_angle": 10, "b4w_wind_bending_freq": 0.25, "b4w_detail_bending_amp": 0.1, "b4w_detail_bending_freq": 1, "b4w_branch_bending_amp": 0.3, "b4w_main_bend_stiffness_col": "", "b4w_detail_bend_colors": {"leaves_stiffness_col": "", "leaves_phase_col": "", "overall_stiffness_col": ""}, "b4w_lod_transition": 0.1, "lod_levels": [], "b4w_proxy_inherit_anim": true, "b4w_selectable": false, "b4w_outlining": false, "b4w_billboard": false, "b4w_pres_glob_orientation": false, "b4w_billboard_geometry": "SPHERICAL", "b4w_outline_settings": {"outline_duration": 1, "outline_period": 1, "outline_relapses": 0}, "b4w_outline_on_select": false, "b4w_use_default_animation": false, "b4w_anim_behavior": "CYCLIC", "b4w_animation_mixing": false, "b4w_shadow_cast_only": false, "b4w_collision": false, "b4w_collision_id": "", "b4w_vehicle": false, "b4w_vehicle_settings": null, "b4w_character": false, "b4w_character_settings": null, "b4w_floating": false, "b4w_floating_settings": null, "pose": null, "field": null, "b4w_correct_bounding_offset": "AUTO", "game": {"physics_type": "STATIC", "use_ghost": false, "use_sleep": false, "mass": 1, "velocity_min": 0, "velocity_max": 0, "damping": 0.04, "rotation_damping": 0.1, "lock_location_x": false, "lock_location_y": false, "lock_location_z": false, "lock_rotation_x": false, "lock_rotation_y": false, "lock_rotation_z": false, "collision_margin": 0.03999999910593033, "collision_group": 1, "collision_mask": 65535, "use_collision_bounds": false, "collision_bounds_type": "BOX", "use_collision_compound": false}, "pass_index": 0, "location": [8, -8, -3], "rotation_quaternion": [0.70711, -0.70711, 0, 0], "scale": [1, 1, 1], "b4w_object_tags": null,